architecture_family,audio_codec,audio_codec_measured,audio_preserved,bytes,chunk_boundary_mean_delta,codec,commercial_use,context_frames,duplicate_adjacent_frames,duration,filename,fixture,fps,frame_count,gateway_job_id,has_audio,height,inference_seconds,input,license,mean_frame_delta,measured_duration,measured_fps,measured_frame_count,measured_height,measured_width,mime_type,model_id,model_loading_seconds,native_scale,p95_frame_delta,peak_vram_mb,pixel_format,processing_fps,processing_seconds,provider_cost,runtime,runtime_device,static_region_temporal_variation,temporal,vram_measurement,width,worker_job_id
TSCUNet,aac,aac,True,45658,,h264,False,5,0,2.0,result.mp4,natural,6.0,12,gen_b8b3367e-4605-432f-a8df-766073fc38be,True,128,2.153153099992778,"{'width': 96, 'height': 64, 'fps': 6.0, 'frame_count': 12, 'duration': 2.0, 'codec': 'h264', 'pixel_format': 'yuv420p', 'has_audio': True, 'audio_codec': 'aac', 'rotation': 0}",CC-BY-NC-SA-4.0,4.940134048461914,2.0,6.0,12,128,192,video/mp4,openmodeldb/gameup-v2-tscunet-small-x2,0.0001647999742999673,2,5.02235221862793,,yuv420p,4.997775573432445,2.4010681999789085,0,onnxruntime,cuda,0.6306027770042419,True,unavailable_for_onnxruntime_under_wddm,192,vup_3fdb38d4-d5a1-49f0-b4a4-fa8eb4444d67
SOFVSR,aac,aac,True,60267,,h264,True,3,0,2.0,result.mp4,natural,6.0,12,gen_e18f1e7c-c459-4579-a339-f367692fa9dd,True,128,1.0111308000050485,"{'width': 96, 'height': 64, 'fps': 6.0, 'frame_count': 12, 'duration': 2.0, 'codec': 'h264', 'pixel_format': 'yuv420p', 'has_audio': True, 'audio_codec': 'aac', 'rotation': 0}",CC-BY-SA-4.0,5.968362808227539,2.0,6.0,12,128,192,video/mp4,openmodeldb/vimeoscale-unet-x2,0.0001647000026423484,2,6.0422163009643555,87.5166015625,yuv420p,9.518103949290724,1.2607552999979816,0,pytorch,cuda,2.700836420059204,True,torch_peak_allocated,192,vup_2bd5de3b-ab6a-47df-8555-86cec7ab6a55
SOFVSR,aac,aac,True,147810,,h264,False,7,0,2.0,result.mp4,natural,6.0,12,gen_d9b601eb-6b07-45ab-a440-c3c5112296f7,True,256,1.5059004000213463,"{'width': 96, 'height': 64, 'fps': 6.0, 'frame_count': 12, 'duration': 2.0, 'codec': 'h264', 'pixel_format': 'yuv420p', 'has_audio': True, 'audio_codec': 'aac', 'rotation': 0}",CC-BY-NC-SA-4.0,5.830607891082764,2.0,6.0,12,256,384,video/mp4,openmodeldb/redsval-7f-rrdb-lite-x4,0.00016029999824240804,4,5.887141704559326,238.859375,yuv420p,6.359812093004823,1.886848199996166,0,pytorch,cuda,3.064023971557617,True,torch_peak_allocated,384,vup_80b1dd1b-419b-45af-82dd-de4d4063814b
SOFVSR,aac,aac,True,73526,,h264,False,3,0,2.0,result.mp4,natural,6.0,12,gen_06eb4872-6c1f-436c-bf52-b5ada9a3b573,True,192,0.3685778999933973,"{'width': 96, 'height': 64, 'fps': 6.0, 'frame_count': 12, 'duration': 2.0, 'codec': 'h264', 'pixel_format': 'yuv420p', 'has_audio': True, 'audio_codec': 'aac', 'rotation': 0}",CC-BY-NC-SA-4.0,4.961705207824707,2.0,6.0,12,192,288,video/mp4,openmodeldb/video-tssm-x3,0.00016150000737980008,3,5.012604713439941,92.18310546875,yuv420p,19.17001196706036,0.6259776999941096,0,pytorch,cuda,1.5755558013916016,True,torch_peak_allocated,288,vup_d4fbd0e4-74cb-41b2-a84b-312d01fa60eb
SPAN-48,aac,aac,True,118872,4.202521800994873,h264,,1,0,2.0,result.mp4,natural,6.0,12,gen_60952446-d7b2-4bac-9706-2b19d056d428,True,256,0.7660654000064824,"{'width': 96, 'height': 64, 'fps': 6.0, 'frame_count': 12, 'duration': 2.0, 'codec': 'h264', 'pixel_format': 'yuv420p', 'has_audio': True, 'audio_codec': 'aac', 'rotation': 0}",CC-BY-SA-4.0,4.202521800994873,2.0,6.0,12,256,384,video/mp4,framewise/4x-purephoto-span,2.5599991204217076e-05,4,4.231416702270508,80.0478515625,yuv420p,10.026820910467418,1.196790099987993,0,pytorch,cuda,1.4622347354888916,False,torch_peak_allocated,384,vup_3fca0f18-e036-448c-b70c-115583c298b7
GRL-small,aac,aac,True,54306,3.768479108810425,h264,,1,0,2.0,result.mp4,natural,6.0,12,gen_32a0a9ac-a9ec-4601-9ba5-2424f53743e4,True,256,1.7275276000145823,"{'width': 96, 'height': 64, 'fps': 6.0, 'frame_count': 12, 'duration': 2.0, 'codec': 'h264', 'pixel_format': 'yuv420p', 'has_audio': True, 'audio_codec': 'aac', 'rotation': 0}",CC-BY-4.0,3.768479108810425,2.0,6.0,12,256,384,video/mp4,framewise/4x-hfa2k-ludvae-grl-small,3.429999924264848e-05,4,3.8131089210510254,106.1025390625,yuv420p,5.8799035577702865,2.040849800017895,0,pytorch,cuda,0.6344693899154663,False,torch_peak_allocated,384,vup_98edd747-e407-4a96-897a-8d26298f4d56
TSCUNet,aac,aac,True,39028,,h264,False,5,0,2.0,result.mp4,cgi-game,6.0,12,gen_f9b13463-415d-4479-9c09-8862bb98b6f7,True,128,1.4045879000041168,"{'width': 96, 'height': 64, 'fps': 6.0, 'frame_count': 12, 'duration': 2.0, 'codec': 'h264', 'pixel_format': 'yuv420p', 'has_audio': True, 'audio_codec': 'aac', 'rotation': 0}",CC-BY-NC-SA-4.0,15.447028160095215,2.0,6.0,12,128,192,video/mp4,openmodeldb/gameup-v2-tscunet-small-x2,0.00027970000519417226,2,15.712084770202637,,yuv420p,6.704294894282733,1.7898973999836016,0,onnxruntime,cuda,8.957642555236816,True,unavailable_for_onnxruntime_under_wddm,192,vup_8245768d-5ebb-4c42-bbe4-a22dd4dfa44b
SOFVSR,aac,aac,True,41680,,h264,True,3,0,2.0,result.mp4,cgi-game,6.0,12,gen_01c29d1a-f31b-4f5e-b123-2c578eb6121d,True,128,1.2565451999835204,"{'width': 96, 'height': 64, 'fps': 6.0, 'frame_count': 12, 'duration': 2.0, 'codec': 'h264', 'pixel_format': 'yuv420p', 'has_audio': True, 'audio_codec': 'aac', 'rotation': 0}",CC-BY-SA-4.0,15.958224296569824,2.0,6.0,12,128,192,video/mp4,openmodeldb/vimeoscale-unet-x2,0.0001875000016298145,2,16.22907257080078,87.5166015625,yuv420p,6.819158585117813,1.7597479000105523,0,pytorch,cuda,10.20430850982666,True,torch_peak_allocated,192,vup_7c7d11df-993e-4be5-b1c5-53346a6b44a0
SOFVSR,aac,aac,True,94898,,h264,False,7,0,2.0,result.mp4,cgi-game,6.0,12,gen_039e6f01-6fa7-4fb7-a14e-cd2ceb219e3c,True,256,1.9936083999928087,"{'width': 96, 'height': 64, 'fps': 6.0, 'frame_count': 12, 'duration': 2.0, 'codec': 'h264', 'pixel_format': 'yuv420p', 'has_audio': True, 'audio_codec': 'aac', 'rotation': 0}",CC-BY-NC-SA-4.0,15.371472358703613,2.0,6.0,12,256,384,video/mp4,openmodeldb/redsval-7f-rrdb-lite-x4,0.00017839999054558575,4,15.588912010192871,238.859375,yuv420p,5.2999280048683275,2.2641817000112496,0,pytorch,cuda,8.90519905090332,True,torch_peak_allocated,384,vup_0544537a-452c-4a90-a3b8-0729a1bde968
SOFVSR,aac,aac,True,47282,,h264,False,3,0,2.0,result.mp4,cgi-game,6.0,12,gen_7813d9b8-9063-4357-ab7c-dd897caf6fac,True,192,0.27635089997784235,"{'width': 96, 'height': 64, 'fps': 6.0, 'frame_count': 12, 'duration': 2.0, 'codec': 'h264', 'pixel_format': 'yuv420p', 'has_audio': True, 'audio_codec': 'aac', 'rotation': 0}",CC-BY-NC-SA-4.0,8.298949241638184,2.0,6.0,12,192,288,video/mp4,openmodeldb/video-tssm-x3,0.00012810001499019563,3,8.381811141967773,92.18310546875,yuv420p,20.917894647894556,0.5736715000239201,0,pytorch,cuda,4.656162261962891,True,torch_peak_allocated,288,vup_abc4b9d9-0c52-4d25-a7eb-b93e1bd72b9d
SPAN-48,aac,aac,True,81009,12.590859413146973,h264,,1,0,2.0,result.mp4,cgi-game,6.0,12,gen_bdc58f9a-570f-4400-9189-9860a744d2fb,True,256,0.5327155999257229,"{'width': 96, 'height': 64, 'fps': 6.0, 'frame_count': 12, 'duration': 2.0, 'codec': 'h264', 'pixel_format': 'yuv420p', 'has_audio': True, 'audio_codec': 'aac', 'rotation': 0}",CC-BY-SA-4.0,12.590859413146973,2.0,6.0,12,256,384,video/mp4,framewise/4x-purephoto-span,2.069998299703002e-05,4,12.689249038696289,80.0478515625,yuv420p,15.5437434614581,0.772014800022589,0,pytorch,cuda,6.578583717346191,False,torch_peak_allocated,384,vup_4d84012e-b400-45b5-8e5f-6d3a8fffe234
GRL-small,aac,aac,True,89672,14.171370506286621,h264,,1,0,2.0,result.mp4,cgi-game,6.0,12,gen_2ce4fc02-7b07-45b3-940f-920dbbf52134,True,256,1.6838195000018459,"{'width': 96, 'height': 64, 'fps': 6.0, 'frame_count': 12, 'duration': 2.0, 'codec': 'h264', 'pixel_format': 'yuv420p', 'has_audio': True, 'audio_codec': 'aac', 'rotation': 0}",CC-BY-4.0,14.171370506286621,2.0,6.0,12,256,384,video/mp4,framewise/4x-hfa2k-ludvae-grl-small,2.1899992134422064e-05,4,14.319419860839844,106.1025390625,yuv420p,5.947759342756325,2.017566499998793,0,pytorch,cuda,7.405638694763184,False,torch_peak_allocated,384,vup_d5933b71-b59f-4c39-86b6-55a65026c717
TSCUNet,aac,aac,True,29168,,h264,False,5,0,2.0,result.mp4,compression,6.0,12,gen_1b83fb79-e39f-4363-9f71-4ff38f37f792,True,128,0.5286091000016313,"{'width': 96, 'height': 64, 'fps': 6.0, 'frame_count': 12, 'duration': 2.0, 'codec': 'h264', 'pixel_format': 'yuv420p', 'has_audio': True, 'audio_codec': 'aac', 'rotation': 0}",CC-BY-NC-SA-4.0,0.8364294171333313,2.0,6.0,12,128,192,video/mp4,openmodeldb/gameup-v2-tscunet-small-x2,0.00018129998352378607,2,1.1565008163452148,,yuv420p,16.424635968537892,0.7306097999971826,0,onnxruntime,cuda,0.014046714641153812,True,unavailable_for_onnxruntime_under_wddm,192,vup_ff619c26-ccb9-40d6-942f-ab3e4aeff39f
SOFVSR,aac,aac,True,29778,,h264,True,3,0,2.0,result.mp4,compression,6.0,12,gen_c3ef62df-54bb-4171-8817-f3ab1d2cd9c9,True,128,0.9247052999853622,"{'width': 96, 'height': 64, 'fps': 6.0, 'frame_count': 12, 'duration': 2.0, 'codec': 'h264', 'pixel_format': 'yuv420p', 'has_audio': True, 'audio_codec': 'aac', 'rotation': 0}",CC-BY-SA-4.0,0.9095433950424194,2.0,6.0,12,128,192,video/mp4,openmodeldb/vimeoscale-unet-x2,0.0002319000195711851,2,1.2737358808517456,87.5166015625,yuv420p,10.596513040874745,1.132447999989381,0,pytorch,cuda,0.0033143959008157253,True,torch_peak_allocated,192,vup_78e535b1-9c92-48ca-a7ea-c4233d46266b
SOFVSR,aac,aac,True,56293,,h264,False,7,0,2.0,result.mp4,compression,6.0,12,gen_5715934f-e941-47ee-aec9-9e8a13cb03cc,True,256,1.9716505000251345,"{'width': 96, 'height': 64, 'fps': 6.0, 'frame_count': 12, 'duration': 2.0, 'codec': 'h264', 'pixel_format': 'yuv420p', 'has_audio': True, 'audio_codec': 'aac', 'rotation': 0}",CC-BY-NC-SA-4.0,1.101625680923462,2.0,6.0,12,256,384,video/mp4,openmodeldb/redsval-7f-rrdb-lite-x4,0.0001370999962091446,4,1.489234209060669,238.859375,yuv420p,4.998876502510649,2.400539399997797,0,pytorch,cuda,0.010890143923461437,True,torch_peak_allocated,384,vup_330d159a-52fe-40db-bbd2-dd7f320b963b
SOFVSR,aac,aac,True,38624,,h264,False,3,0,2.0,result.mp4,compression,6.0,12,gen_a52ec5a5-00a4-4ec9-a1c6-8a25e776d74b,True,192,0.23334609999437816,"{'width': 96, 'height': 64, 'fps': 6.0, 'frame_count': 12, 'duration': 2.0, 'codec': 'h264', 'pixel_format': 'yuv420p', 'has_audio': True, 'audio_codec': 'aac', 'rotation': 0}",CC-BY-NC-SA-4.0,0.989950954914093,2.0,6.0,12,192,288,video/mp4,openmodeldb/video-tssm-x3,0.00012409998453222215,3,1.3823573589324951,92.18310546875,yuv420p,24.76424950410857,0.4845694999967236,0,pytorch,cuda,0.00845256820321083,True,torch_peak_allocated,288,vup_2d09c8ba-2cf7-4d48-b2c8-5648ebdad66a
SPAN-48,aac,aac,True,60102,0.8109651803970337,h264,,1,0,2.0,result.mp4,compression,6.0,12,gen_eb44528b-acd1-4e53-9ad6-0613c23e77fc,True,256,0.5884439000510611,"{'width': 96, 'height': 64, 'fps': 6.0, 'frame_count': 12, 'duration': 2.0, 'codec': 'h264', 'pixel_format': 'yuv420p', 'has_audio': True, 'audio_codec': 'aac', 'rotation': 0}",CC-BY-SA-4.0,0.8109651803970337,2.0,6.0,12,256,384,video/mp4,framewise/4x-purephoto-span,5.01000031363219e-05,4,1.0722301006317139,80.0478515625,yuv420p,12.25551648875134,0.9791509000060614,0,pytorch,cuda,0.0029494157060980797,False,torch_peak_allocated,384,vup_70df92c4-2181-4749-b597-2b7fefa4995f
GRL-small,aac,aac,True,62497,1.2013014554977417,h264,,1,0,2.0,result.mp4,compression,6.0,12,gen_10c05034-2897-407d-80a1-4281117a357f,True,256,1.7613172999408562,"{'width': 96, 'height': 64, 'fps': 6.0, 'frame_count': 12, 'duration': 2.0, 'codec': 'h264', 'pixel_format': 'yuv420p', 'has_audio': True, 'audio_codec': 'aac', 'rotation': 0}",CC-BY-4.0,1.2013014554977417,2.0,6.0,12,256,384,video/mp4,framewise/4x-hfa2k-ludvae-grl-small,5.7600002037361264e-05,4,1.5465564727783203,106.1025390625,yuv420p,5.715786516521828,2.0994485999981407,0,pytorch,cuda,0.04051253944635391,False,torch_peak_allocated,384,vup_395cc5f4-7475-4372-a325-19a33275c39d
TSCUNet,aac,aac,True,27639,,h264,False,5,0,2.0,result.mp4,animation,6.0,12,gen_088161ed-6de5-4dec-8539-de5ae3bcd2ad,True,128,1.9413457000046037,"{'width': 96, 'height': 64, 'fps': 6.0, 'frame_count': 12, 'duration': 2.0, 'codec': 'h264', 'pixel_format': 'yuv420p', 'has_audio': True, 'audio_codec': 'aac', 'rotation': 0}",CC-BY-NC-SA-4.0,9.877348899841309,2.0,6.0,12,128,192,video/mp4,openmodeldb/gameup-v2-tscunet-small-x2,0.00016170000890269876,2,10.005061149597168,,yuv420p,5.426107471923258,2.211530100001255,0,onnxruntime,cuda,0.39895063638687134,True,unavailable_for_onnxruntime_under_wddm,192,vup_6d7b6cbf-1fd5-4a98-9cc9-6fff6e937e93
SOFVSR,aac,aac,True,26408,,h264,True,3,0,2.0,result.mp4,animation,6.0,12,gen_b543a1c0-cffe-42ff-bf4b-72b22033673f,True,128,0.843722700024955,"{'width': 96, 'height': 64, 'fps': 6.0, 'frame_count': 12, 'duration': 2.0, 'codec': 'h264', 'pixel_format': 'yuv420p', 'has_audio': True, 'audio_codec': 'aac', 'rotation': 0}",CC-BY-SA-4.0,9.518763542175293,2.0,6.0,12,128,192,video/mp4,openmodeldb/vimeoscale-unet-x2,0.00028429998201318085,2,9.59344482421875,87.5166015625,yuv420p,10.069426176192945,1.1917262999922968,0,pytorch,cuda,0.2614228129386902,True,torch_peak_allocated,192,vup_d61e40d7-e9c2-41d9-a12b-6a8ecf08e6ad
SOFVSR,aac,aac,True,42818,,h264,False,7,0,2.0,result.mp4,animation,6.0,12,gen_66f1b9ed-083d-4aab-a596-1fb230b0ca17,True,256,1.7375531000143383,"{'width': 96, 'height': 64, 'fps': 6.0, 'frame_count': 12, 'duration': 2.0, 'codec': 'h264', 'pixel_format': 'yuv420p', 'has_audio': True, 'audio_codec': 'aac', 'rotation': 0}",CC-BY-NC-SA-4.0,9.367513656616211,2.0,6.0,12,256,384,video/mp4,openmodeldb/redsval-7f-rrdb-lite-x4,0.00014570000348612666,4,9.47933578491211,238.859375,yuv420p,6.0169343608857595,1.9943711000087205,0,pytorch,cuda,0.3395330309867859,True,torch_peak_allocated,384,vup_062b33da-aae1-4cc4-88d1-e4659788cf77
SOFVSR,aac,aac,True,35044,,h264,False,3,0,2.0,result.mp4,animation,6.0,12,gen_8600b2ca-616c-44e9-85e7-78e8db449637,True,192,0.3778555999742821,"{'width': 96, 'height': 64, 'fps': 6.0, 'frame_count': 12, 'duration': 2.0, 'codec': 'h264', 'pixel_format': 'yuv420p', 'has_audio': True, 'audio_codec': 'aac', 'rotation': 0}",CC-BY-NC-SA-4.0,9.951497077941895,2.0,6.0,12,192,288,video/mp4,openmodeldb/video-tssm-x3,0.00017410001601092517,3,10.058859825134277,92.18310546875,yuv420p,15.988341301469276,0.7505469000025187,0,pytorch,cuda,0.32757261395454407,True,torch_peak_allocated,288,vup_e077cf60-6352-42f4-835e-356ea69daab5
SPAN-48,aac,aac,True,43147,7.976651191711426,h264,,1,0,2.0,result.mp4,animation,6.0,12,gen_200ccd1e-fd32-4f6c-9203-a163a27fdc4a,True,256,0.5820137999835424,"{'width': 96, 'height': 64, 'fps': 6.0, 'frame_count': 12, 'duration': 2.0, 'codec': 'h264', 'pixel_format': 'yuv420p', 'has_audio': True, 'audio_codec': 'aac', 'rotation': 0}",CC-BY-SA-4.0,7.976651191711426,2.0,6.0,12,256,384,video/mp4,framewise/4x-purephoto-span,2.6100024115294218e-05,4,8.06032943725586,80.0478515625,yuv420p,14.587555113372247,0.8226190000132192,0,pytorch,cuda,0.21790164709091187,False,torch_peak_allocated,384,vup_04dffd06-f57e-4b84-b1d1-d56b7793380b
GRL-small,aac,aac,True,46040,7.62451171875,h264,,1,0,2.0,result.mp4,animation,6.0,12,gen_1e53df7b-ab78-47a4-9b9b-9691419653ab,True,256,2.1363402999413665,"{'width': 96, 'height': 64, 'fps': 6.0, 'frame_count': 12, 'duration': 2.0, 'codec': 'h264', 'pixel_format': 'yuv420p', 'has_audio': True, 'audio_codec': 'aac', 'rotation': 0}",CC-BY-4.0,7.62451171875,2.0,6.0,12,256,384,video/mp4,framewise/4x-hfa2k-ludvae-grl-small,3.0199997127056122e-05,4,7.840444564819336,106.1025390625,yuv420p,4.647244695110435,2.5821751999901608,0,pytorch,cuda,0.26504790782928467,False,torch_peak_allocated,384,vup_6cf7b464-307c-4115-8abb-68acf4f19402
